strategy,iteration,n_labeled,n_positive_labeled,pr_auc,roc_auc
uncertainty,0,100,8,0.09626238574427018,0.5432116781480426
uncertainty,1,150,13,0.09731826563782675,0.5371541146508341
uncertainty,2,200,20,0.09900577612799558,0.5489601879842143
uncertainty,3,250,26,0.09654202541816466,0.5393640249499374
uncertainty,4,300,37,0.0972098243061933,0.5375853623765916
uncertainty,5,350,49,0.10294555623221727,0.5459617474904709
uncertainty,6,400,55,0.10454271420556237,0.5550060367112062
uncertainty,7,450,63,0.10648681307645022,0.5566973791896299
uncertainty,8,500,73,0.10821442987972077,0.5554678870213142
uncertainty,9,550,80,0.10728679520353375,0.5559850130241211
uncertainty,10,600,84,0.10489011323006718,0.550266889499619
uncertainty,11,650,88,0.10823726454195402,0.5554730054747627
uncertainty,12,700,91,0.11054448092631745,0.5615707235997289
uncertainty,13,750,95,0.11400853940067446,0.5703593965343384
uncertainty,14,800,102,0.11490144865458618,0.5755218074052126
uncertainty,15,850,108,0.11670270841887616,0.5746808310854492
uncertainty,16,900,113,0.11822314541083095,0.5821360748058367
uncertainty,17,950,116,0.11587272504663892,0.5735564654627847
uncertainty,18,1000,122,0.11744227822296835,0.5772334074247493
uncertainty,19,1050,128,0.11769636333493905,0.5822313248990593
uncertainty,20,1100,131,0.11717312373407407,0.5778192180264721
random,0,100,8,0.09626238574427018,0.5432116781480426
random,1,150,13,0.09536782769608572,0.5438565131689337
random,2,200,15,0.09761380552893327,0.5470898077714343
random,3,250,19,0.09919147142309878,0.5514510184731113
random,4,300,21,0.09853374539330284,0.549908399508268
random,5,350,25,0.09369607468030959,0.5316343852656307
random,6,400,27,0.09382937299605945,0.5312886914079009
random,7,450,34,0.0956219148383064,0.5346134152862613
random,8,500,41,0.09687382685630419,0.5451121022407472
random,9,550,46,0.10126588589442442,0.5651291120871016
random,10,600,49,0.09876186252349012,0.5625234588273587
random,11,650,54,0.10183334824063048,0.576998427156928
random,12,700,58,0.1031776965981198,0.5828086287753326
random,13,750,62,0.1047098584026748,0.5883704952878689
random,14,800,65,0.10478945236426604,0.5875368181710865
random,15,850,69,0.10244783305309343,0.5839105561073512
random,16,900,72,0.10123360294889855,0.5817937872428315
random,17,950,76,0.10092427544460128,0.5797672941998732
random,18,1000,81,0.10060213875880673,0.5772677947810158
random,19,1050,84,0.10210389183793572,0.5815863997645512
random,20,1100,86,0.10381254851859353,0.5833602682934698
